baseMean,log2FoldChange,lfcSE,stat,pvalue,padj,Genes
42.96150409,-1.481418665,0.401428259,-3.69036965,0.000223928,0.018305838,KIF26A
2082.337937,-1.262022743,0.289418081,-4.360552522,1.30E-05,0.002144901,LTK
135.6403064,-1.7097137,0.280870896,-6.08718712,1.15E-09,6.82E-07,DPF3
3877.06008,0.397028081,0.109241047,3.634422145,0.000278604,0.020992716,SUSD6
1644.415126,-0.34121977,0.101618001,-3.357867369,0.000785463,0.041864566,LARGE2
56554.2902,0.564747679,0.091464285,6.174515832,6.64E-10,4.35E-07,CTSD
24.37371986,-4.703556665,0.924900828,-5.085471351,3.67E-07,0.000105844,DRD4
44.96916956,-2.791274701,0.823253574,-3.390540641,0.000697549,0.039332993,SYT12
25.27115273,-1.955323983,0.470940083,-4.151959146,3.30E-05,0.004318045,LOC114600363
48.085233,-2.619004987,0.690827843,-3.791110929,0.000149975,0.013861008,LOC114600865
79.98509342,0.841298487,0.207984048,4.045014477,5.23E-05,0.006318833,SLC4A3
31.08017415,-3.861930956,0.702110966,-5.500456684,3.79E-08,1.54E-05,CNTNAP5
829.7626406,-1.432889128,0.311609445,-4.598349478,4.26E-06,0.000914048,TFCP2L1
1087.071943,-2.501457971,0.26379468,-9.482594476,2.48E-21,1.41E-17,TMEM163
737.4675387,-1.776698573,0.47562852,-3.735475269,0.000187361,0.016195789,RAPGEF4
135.8634834,-3.569949708,0.41915586,-8.516998213,1.64E-17,3.98E-14,SP5
149.5180466,-1.474011181,0.427781452,-3.445710824,0.000569559,0.033677183,TMEFF2
158.2803616,-1.324213796,0.26207004,-5.052900344,4.35E-07,0.000119519,PLCL1
12.20628375,4.9976062,1.179223342,4.238048912,2.25E-05,0.003226504,LOC114584718
64.70291254,-1.631925723,0.4584589,-3.559590015,0.000371434,0.026354805,CD28
33.39884973,-1.547966274,0.352149731,-4.395761625,1.10E-05,0.001918109,LOC114583342
890.2541015,0.414782169,0.124689725,3.326514426,0.000879395,0.044970607,KANSL1L
141.7228875,-0.982189383,0.295697984,-3.321596485,0.00089504,0.045633657,FKBP11
6915.696653,0.874190518,0.22282612,3.9231959,8.74E-05,0.009468713,CERS5
1553.777365,0.507817398,0.14860336,3.41726728,0.000632531,0.036267267,LOC114592824
351.9490101,-1.271612738,0.377280946,-3.370466367,0.000750411,0.040770457,SLC16A3
1267.845858,0.669564001,0.187857622,3.564209915,0.000364954,0.026003341,ST6GALNAC2
1089.314697,1.239448635,0.375376656,3.301879902,0.000960392,0.047680794,LOC114590775
937.6623173,0.898951222,0.174522339,5.150923519,2.59E-07,8.03E-05,ABLIM3
87.94068494,-1.813091449,0.5128559,-3.535284375,0.000407337,0.027243252,ARL10
972.4680809,0.631181856,0.181187471,3.483584449,0.000494747,0.030748346,SFMBT1
1056.576912,1.044739677,0.236525511,4.417027458,1.00E-05,0.001793737,TMEM40
35.13592782,-3.320830757,0.625529791,-5.308829101,1.10E-07,3.68E-05,CACNA1D
2206.522741,0.665004577,0.165084898,4.028258088,5.62E-05,0.006645052,TMCC1
1533.067374,0.636816798,0.190594949,3.341205006,0.000834156,0.043265804,FRMD4B
725.8560918,1.100561624,0.317562719,3.465651213,0.000528949,0.031941391,LOC114592779
37.89393658,1.594841678,0.407731942,3.91149555,9.17E-05,0.009823949,LOC114592128
6.377330803,-5.99062153,1.623059502,-3.690943876,0.000223423,0.018305838,LOC114591990
15.40507229,-7.269329544,1.194528487,-6.085522133,1.16E-09,6.82E-07,LOC114591992
3284.466669,0.606568535,0.145243012,4.176232141,2.96E-05,0.004005564,LOC114592040
16047.31367,0.659813406,0.18784114,3.51261394,0.000443722,0.029153209,LOC114592041
22862.57546,0.645172805,0.184051935,3.505384526,0.000455948,0.02919626,LOC114592042
50.31266802,-4.347604405,0.920601553,-4.722569053,2.33E-06,0.000543258,ATP6V1G2
44.68165526,-1.053701,0.287442999,-3.665773743,0.000246592,0.019290513,LOC114592182
398.6104349,-2.353324137,0.468103287,-5.027360842,4.97E-07,0.000134415,LOC114592319
160.2880287,-1.360863323,0.374237342,-3.636364334,0.000276513,0.020944523,LOC114592346
98.83314973,-0.671921798,0.202625309,-3.316080316,0.000912896,0.045993207,LOC114592276
148.2397669,0.755842931,0.213638288,3.537956324,0.000403237,0.02714118,LOC114593476
521.5876842,1.228913099,0.237799724,5.167849144,2.37E-07,7.62E-05,LOC114593516
17.76995665,-3.432002487,0.854086504,-4.018331249,5.86E-05,0.006836299,LOC114593536
3121.583645,0.601989071,0.174431281,3.451153192,0.000558197,0.033120315,CLN8
367.7832532,-0.672653963,0.182434234,-3.687103832,0.000226821,0.018305838,PXDN
288.5972776,-1.421004974,0.367209936,-3.869734542,0.000108954,0.011176966,ATP6V1C2
1113.03676,0.839759748,0.208770453,4.022407074,5.76E-05,0.006765373,LPIN1
69.07660072,-5.836426103,1.376149601,-4.241127636,2.22E-05,0.003209528,IMPG1
412.1245741,1.067402753,0.244971311,4.357256162,1.32E-05,0.002156512,PRDM1
19.34293122,-6.865942743,1.811544118,-3.790105179,0.000150584,0.013861008,FRK
455.4001114,-1.159311543,0.350862651,-3.304174833,0.000952564,0.047430449,ENPP3
240.0381336,0.57357519,0.1710083,3.354078081,0.000796299,0.041981962,STX11
1041.351903,-0.84335624,0.134137474,-6.287253051,3.23E-10,2.50E-07,SYNE1
30.99852326,-3.121939241,0.811645234,-3.846433282,0.00011985,0.01200542,CCR6
380.7420788,-1.007243135,0.283732729,-3.549971611,0.000385273,0.026620555,CDC42EP3
11.79743744,4.091412882,1.11704391,3.66271446,0.000249557,0.019405025,LOC114593413
43.16207629,3.45903122,0.66971777,5.164908823,2.41E-07,7.62E-05,LOC114594545
184.665955,-0.982955239,0.224940968,-4.369836449,1.24E-05,0.002138767,DUSP10
179.9670986,-0.98602449,0.229126847,-4.303400066,1.68E-05,0.002652058,TGFB2
194.3023454,1.319693146,0.373334123,3.534884875,0.000407953,0.027243252,ATF3
1753.754788,0.628999799,0.175048464,3.593289442,0.00032653,0.023561319,SLC30A1
820.6381982,-1.937424542,0.425462735,-4.553687977,5.27E-06,0.001043789,LOC114594756
237.4456518,-2.404921328,0.307947628,-7.809514041,5.74E-15,8.15E-12,LOC114593371
1004.651111,-2.08550812,0.343414785,-6.072854788,1.26E-09,7.13E-07,LOC114593421
2451.052408,-0.343797987,0.096809327,-3.551289904,0.000383348,0.026620555,LOC114594765
289.2247441,0.77170608,0.233993653,3.297978684,0.000973835,0.048207677,BCL2L11
736.6979954,-0.484516288,0.136688182,-3.544683105,0.000393085,0.026730605,CFAP36
1642.744535,0.746609387,0.207248488,3.602484126,0.000315191,0.023035973,EPHX2
511.475644,-0.560819683,0.1053449,-5.323652883,1.02E-07,3.46E-05,SLC35F6
312.5535046,-0.955656802,0.282390895,-3.384162939,0.000713956,0.039602476,EMILIN1
234.5635123,-0.845233804,0.220190276,-3.838651817,0.000123712,0.01217738,PREB
17.67621704,-2.993691637,0.750923668,-3.986679025,6.70E-05,0.007632908,GCKR
236.2521763,-0.95788879,0.194971745,-4.912962072,8.97E-07,0.000224659,DCHS1
91.33647974,1.364534478,0.393621341,3.466617116,0.000527052,0.031940106,LOC114595145
4127.804514,-3.44792744,0.496768404,-6.940714049,3.90E-12,3.69E-09,DGAT2
105.419411,-2.297807841,0.490136928,-4.688093693,2.76E-06,0.000634587,MYO7A
14.276986,-2.470025333,0.665192162,-3.713250809,0.000204614,0.017335177,CCDC89
2563.869746,-1.143569722,0.222774446,-5.133307449,2.85E-07,8.36E-05,SYTL2
63.23168323,-1.462166396,0.426604706,-3.42745023,0.000609278,0.035170829,ANGPTL5
890.867428,-2.705639181,0.794023325,-3.407505921,0.000655595,0.037263913,LOC114595296
526.9612935,-0.543704141,0.149514228,-3.636470905,0.000276399,0.020944523,DYNC2H1
65.74310698,-2.669024172,0.440429452,-6.06004925,1.36E-09,7.48E-07,LOC114595830
8075.330015,-1.528054542,0.205100238,-7.450281658,9.31E-14,1.13E-10,SOD1
230.6713545,0.654533863,0.192106633,3.407138277,0.000656479,0.037263913,SLC5A3
53.34804314,1.72158784,0.312888234,5.502245375,3.75E-08,1.54E-05,KCNE1
216.0282614,-0.84110816,0.229270382,-3.668629815,0.000243854,0.019290513,ABCG1
91.24123953,-1.704478105,0.330061378,-5.164124674,2.42E-07,7.62E-05,UBASH3A
357.5206064,-5.973940215,0.437299556,-13.66097938,1.74E-42,2.96E-38,NDP
17.45181021,-2.00976256,0.583885205,-3.44205084,0.000577322,0.03390073,LOC114596152
581.2489102,-1.129449315,0.262906904,-4.296004769,1.74E-05,0.002704217,LOC114596269
10078.36634,0.559881632,0.155750324,3.594738162,0.000324718,0.023530309,PRPS2
957.3686192,0.535117644,0.150636227,3.552383486,0.000381758,0.026620555,SHROOM2
15.54425253,-3.983492178,0.956104735,-4.166376373,3.09E-05,0.004149707,F7
529.6732226,-1.495856021,0.350079173,-4.272907781,1.93E-05,0.002907593,EDNRB
434.6882529,-0.829675745,0.195429652,-4.245393348,2.18E-05,0.003175985,TIGAR
247.8850508,0.690917427,0.15844014,4.360747401,1.30E-05,0.002144901,LOC114597031
25.51731603,-2.783417167,0.637739838,-4.364502579,1.27E-05,0.002144901,RHOBTB1
124.5855208,-0.812062221,0.228315291,-3.556757929,0.00037546,0.026420271,CHST3
29325.27092,0.508834144,0.111546758,4.561622007,5.08E-06,0.001016931,LOC114597222
5685.666339,0.941655631,0.25655692,3.67035756,0.000242211,0.019290513,SGPL1
81.1288413,1.080248017,0.321748157,3.357433422,0.000786697,0.041864566,SLC16A12
24.21503177,2.750436876,0.795773154,3.456307695,0.00054763,0.032721361,LOC114597320
57.56056563,-1.494819599,0.426083597,-3.50827774,0.000451018,0.02919626,RBM20
56.04132108,1.163507594,0.3092193,3.762726302,0.000168071,0.015225173,SORCS3
2422.017609,-1.502260962,0.36920046,-4.068957452,4.72E-05,0.005869905,LOC114597560
2450.86062,-1.000743448,0.184998265,-5.409474785,6.32E-08,2.45E-05,PI4K2A
156.5811887,-0.873178118,0.251502895,-3.471841226,0.000516902,0.031892476,LOC114597613
76.84195999,2.580766593,0.561449238,4.596616074,4.29E-06,0.000914048,AIRE
16.21195184,2.310270043,0.579889061,3.983986247,6.78E-05,0.007632908,CROCC2
327.2254292,-1.642543476,0.256206004,-6.411026489,1.45E-10,1.23E-07,PAX3
361.1162633,-1.400722127,0.393705108,-3.557795155,0.000373981,0.026420271,MOGAT1
37.14646308,1.393559135,0.420220466,3.316257172,0.000912318,0.045993207,GRK7
121.4950488,-0.972247685,0.269975093,-3.601249555,0.000316691,0.023046743,PCOLCE2
84.16098896,-1.786779687,0.512899643,-3.483682841,0.000494565,0.030748346,BCHE
6.451740894,6.28397943,1.303095753,4.822346643,1.42E-06,0.00034029,LOC114597997
935.8618527,0.351897188,0.10459255,3.364457484,0.000766943,0.041329976,TBL1XR1
2542.397216,1.096535687,0.26051886,4.209045314,2.56E-05,0.003579607,LOC114598081
702.065836,-0.568536019,0.149407039,-3.805282679,0.000141642,0.013400152,PDE6D
484.9773202,-0.638301021,0.190182843,-3.35624924,0.000790073,0.041913267,MB21D2
187.7723556,-1.981526733,0.466575614,-4.246957347,2.17E-05,0.003175985,OSTN
624.4942774,0.550385965,0.160239225,3.434776757,0.000593042,0.034467287,IL1RAP
138.2255711,-1.593687699,0.478643826,-3.329590003,0.000869739,0.044610825,PAPPA2
4459.319602,0.80920869,0.095494327,8.473892828,2.37E-17,5.05E-14,LOC114598429
186.1817277,-0.655362934,0.195958995,-3.344388109,0.000824643,0.043208749,PTGFR
1500.649496,0.407963203,0.116801213,3.492799362,0.000477985,0.030004417,WLS
113.1140414,-2.109243805,0.410810964,-5.134341559,2.83E-07,8.36E-05,LOC114598926
57.73628999,-2.038919922,0.365712843,-5.575193653,2.47E-08,1.12E-05,LRP8
7972.976226,0.682768995,0.168479026,4.052545963,5.07E-05,0.006206797,SCP2
209.9363731,-1.704931046,0.3716879,-4.586996363,4.50E-06,0.000922579,TTC39A
17.87813892,2.148971671,0.622114042,3.454305038,0.000551713,0.03285007,LOC114599050
648.5892364,0.614200312,0.123463107,4.974767965,6.53E-07,0.00017055,LRRC41
584.1026792,-1.766467853,0.320585915,-5.510123092,3.59E-08,1.53E-05,LOC114599084
139.4182318,1.542787437,0.270296728,5.707754767,1.14E-08,5.42E-06,LOC114599318
365.3135812,-2.440289988,0.427292798,-5.711048723,1.12E-08,5.42E-06,CAMK1G
1146.183055,-1.017810706,0.27588313,-3.689282143,0.000224888,0.018305838,HSD11B1
836.7272679,1.12102421,0.319726816,3.506193896,0.000454564,0.02919626,LPIN3
4555.969605,-1.002313112,0.295895476,-3.387389106,0.000705612,0.039396305,STAU1
1220.962854,1.222862734,0.356250735,3.43259007,0.000597845,0.034628255,LOC114599690
12.88158501,5.111819484,1.274661245,4.010335689,6.06E-05,0.007023881,EEF1A2
671.7448646,0.472938866,0.122328082,3.866151251,0.000110566,0.011274461,SRMS
894.0653012,-1.470152666,0.403655925,-3.64209361,0.00027043,0.020743906,LOC114599954
670.594423,-1.102563265,0.330711348,-3.33391422,0.000856331,0.044055753,LOC114599824
540.6189616,-0.857971943,0.229986632,-3.730529617,0.000191078,0.016433645,SNRPB
104.378561,-1.100652444,0.321872422,-3.419530127,0.000627294,0.03608847,PYCR3
984.6285312,0.453888804,0.131191656,3.459738351,0.000540701,0.032421088,DPY19L4
1872.420313,-0.668141114,0.156012276,-4.282618866,1.85E-05,0.002833662,TPD52
186.7680015,-3.236453567,0.352168557,-9.190069657,3.93E-20,1.34E-16,CA8
1203.371941,1.007432699,0.165535842,6.08588865,1.16E-09,6.82E-07,LOC114601328
854.0415642,-1.894079743,0.222175383,-8.525155762,1.53E-17,3.98E-14,ALKAL1
89.74610949,1.564330113,0.464197459,3.369966989,0.000751772,0.040770457,LOC114600635
123.2084043,-2.199177859,0.541568307,-4.060758046,4.89E-05,0.006035873,KLHL14
46.20895405,-1.14851974,0.341904948,-3.359178472,0.000781746,0.041864566,TMEM200C
163.9979031,-1.280753444,0.258464165,-4.955245706,7.22E-07,0.000183606,CXXC5
591.0694109,-0.696713372,0.209931208,-3.318769883,0.000904149,0.045823673,THBD
1473.073926,-0.612217707,0.149707485,-4.089426181,4.32E-05,0.005454851,SAE1
446.0448963,1.424508707,0.334235625,4.261989448,2.03E-05,0.003011341,LOC114603063
1183.950223,-0.54274889,0.162334161,-3.343405279,0.000827569,0.043229078,EML2
650.1938657,-0.750553006,0.196995878,-3.809993461,0.00013897,0.013370215,LOC114603155
1028.204634,-0.915834788,0.22038738,-4.15556819,3.24E-05,0.004283389,LOC114603162
664.2909496,-0.647307645,0.170505767,-3.796397365,0.000146814,0.013812693,DMPK
474.4084906,-0.654725457,0.1741659,-3.759205772,0.000170454,0.01535796,B3GNT8
209.4323794,1.283428954,0.335254981,3.828217411,0.000129075,0.012632261,NKPD1
23584.82492,-0.828115272,0.224225816,-3.693220021,0.000221432,0.018305838,APOE
115.3064482,2.797901405,0.577454743,4.845230622,1.26E-06,0.000307652,LOC114603409
3990.113986,0.875745498,0.22798266,3.841281157,0.000122394,0.01212887,LOC114603058
67.45754201,-1.848739598,0.521593647,-3.544405898,0.000393499,0.026730605,ATP4A
150.4412535,-1.003425892,0.271729646,-3.692736174,0.000221854,0.018305838,LOC114603557
197.9547362,-2.447211049,0.580423623,-4.216249913,2.48E-05,0.003495849,LOC114602429
258.135327,2.717323597,0.33441755,8.125541255,4.45E-16,6.89E-13,LOC114602895
678.8627388,0.9653521,0.213333528,4.525083842,6.04E-06,0.001147775,PTAFR
288.8764821,-1.770956475,0.280342671,-6.317113508,2.66E-10,2.16E-07,SDC3
329.0285529,0.98168136,0.225659393,4.350279183,1.36E-05,0.002202476,IFNLR1
91.96857652,-1.707636119,0.490575635,-3.480882453,0.000499765,0.030947252,ADGRB2
170.0394786,-2.31793545,0.375211774,-6.177672485,6.51E-10,4.35E-07,LOC114603012
2816.843733,-1.306940626,0.316020472,-4.135620134,3.54E-05,0.004566834,LOC114601797
5938.079197,0.470568733,0.091528467,5.141228184,2.73E-07,8.30E-05,FA2H
10.06927703,-2.770672105,0.834576526,-3.319853865,0.000900646,0.04578238,LOC114603096
30.06138631,-1.297174996,0.39150832,-3.313275684,0.0009221,0.04618367,NRN1L
278.856148,-1.461263219,0.321296623,-4.548019225,5.42E-06,0.001059971,PMFBP1
264.6840542,2.255253664,0.545985746,4.130609051,3.62E-05,0.004632444,TAS1R3
3972.005878,-4.037934086,0.439029716,-9.197404955,3.67E-20,1.34E-16,MMEL1
2529.372,0.788285078,0.217536063,3.623698381,0.00029042,0.021786637,DUSP2
13.80457682,1.983487494,0.527828637,3.757824707,0.000171397,0.015361671,LOC114602751
53.68849881,-1.226407658,0.37007005,-3.313987874,0.000919755,0.04618367,MFAP2
549.0074599,-1.847920327,0.446483337,-4.1388338,3.49E-05,0.004537718,PAX7
2041.649562,0.86643904,0.15880269,5.456072816,4.87E-08,1.93E-05,IFFO2
2250.32289,0.861922194,0.224397252,3.841055029,0.000122507,0.01212887,LOC114602869
25.11909797,-2.373725715,0.530243601,-4.476670175,7.58E-06,0.001418763,MSX1
616.7708753,0.764322057,0.227093376,3.365673055,0.000763572,0.04127892,TMEM128
1171.923912,-1.264330694,0.279467411,-4.524072027,6.07E-06,0.001147775,SEMA7A
180.2512433,-0.724331998,0.197519705,-3.667137903,0.000245281,0.019290513,LDB2
312.1119613,-0.943735011,0.261163953,-3.613573006,0.000302006,0.022556424,SOD3
735.260969,1.137410811,0.300069649,3.790489354,0.000150351,0.013861008,LOC114604413
309.9750156,1.187414678,0.311915853,3.806842991,0.000140752,0.013390316,SLC34A2
3758.899815,-0.938821882,0.270500377,-3.470686044,0.000519131,0.031905091,KIT
676.5339453,0.844162825,0.240520576,3.509732268,0.000448558,0.029154565,HPGD
54.60688688,-1.702508787,0.422087853,-4.033541295,5.49E-05,0.00654277,CPE
169.6667104,-2.39564893,0.621620662,-3.853875965,0.000116263,0.011714996,NPY2R
4041.858356,0.460319216,0.110736923,4.156872013,3.23E-05,0.004283389,PGRMC2
118.1710542,1.874747496,0.504615824,3.715197594,0.000203045,0.017288264,LOC114604195
399.1148106,0.988515294,0.280829136,3.519988382,0.000431566,0.028595846,ELOVL6
1263.469154,-0.847147845,0.212512872,-3.986336617,6.71E-05,0.007632908,PAPSS1
967.468805,0.629721512,0.191165051,3.294124674,0.000987287,0.048591069,SLC39A8
63.70890668,-3.366868698,0.466756371,-7.21333206,5.46E-13,5.81E-10,FBXO41
764.9870895,-1.553336939,0.427191839,-3.636157807,0.000276735,0.020944523,SPR
877.7170285,-0.92947915,0.209774319,-4.430852899,9.39E-06,0.001700384,LOC114604476
66.39212547,-0.927408208,0.274433197,-3.379358691,0.000726551,0.040121219,DOK1
94.56194379,-0.82258152,0.248530301,-3.309783628,0.000933681,0.046626559,LOC114604519
648.2006444,-0.921094666,0.248581359,-3.70540523,0.000211053,0.017699562,TMEM243
863.9398608,-2.015307569,0.378276691,-5.327601775,9.95E-08,3.46E-05,WIF1
104.8817453,-2.306567941,0.373353627,-6.177971159,6.49E-10,4.35E-07,C1QTNF6
510.133286,-0.429750623,0.120367706,-3.570314987,0.000356552,0.025511461,NT5DC3
1568.828424,0.402356876,0.092181973,4.364810861,1.27E-05,0.002144901,MKRN1
896.0344462,-1.24430118,0.344802593,-3.608734983,0.000307694,0.022781377,NINJ2
407.5220145,-1.02024809,0.239429222,-4.261167797,2.03E-05,0.003011341,RERG
1185.017121,-2.311399857,0.35606564,-6.491499309,8.50E-11,7.62E-08,LOC114605516
434.6491094,-1.718016002,0.231382634,-7.424999763,1.13E-13,1.28E-10,LOC114605320
179.0517713,1.281684979,0.364967146,3.511781796,0.000445113,0.029153209,LOC114605704
281.6724669,0.598619291,0.171020244,3.500283226,0.000464764,0.029421812,CCDC68
136.0149545,0.721324667,0.196792831,3.665401142,0.000246951,0.019290513,LOC114606184
508.0717236,-0.596028645,0.180793383,-3.296739274,0.000978143,0.04828055,LOC114606335
6796.999399,0.685784621,0.150216216,4.56531684,4.99E-06,0.001011078,ELOVL7
2367.117972,0.714615874,0.18134738,3.940591113,8.13E-05,0.008987892,SERINC5
586.466542,-0.730435417,0.218652197,-3.340626928,0.000835895,0.043265804,ENC1
4033.757262,0.816586905,0.187787622,4.3484597,1.37E-05,0.002202476,ARRDC3
541.9260745,1.107761257,0.206143212,5.373745982,7.71E-08,2.77E-05,SLCO4C1
2223.720535,0.548933262,0.155472713,3.530737007,0.000414404,0.027565931,SPTLC1
210.9910544,-1.035931478,0.295531158,-3.505320677,0.000456058,0.02919626,LOC114607271
759.4746311,-0.683858047,0.201871871,-3.387584626,0.00070511,0.039396305,ABCF2
47.54140388,-1.185364987,0.312376912,-3.794662609,0.000147844,0.013833196,LOC114607697
8104.380224,-0.65484747,0.159780122,-4.098428903,4.16E-05,0.005286157,AQP1
1075.754062,0.54607372,0.138956923,3.929805793,8.50E-05,0.009280204,PLCD1
119.6118769,-1.23137371,0.341452254,-3.606283736,0.000310613,0.022799299,PTPRN2
2056.784391,0.447706762,0.115075186,3.890558666,0.000100014,0.010384958,PARD3
351.7033151,1.033562391,0.282534836,3.658176837,0.000254016,0.019661975,MAP3K8
944.6635804,-5.748377016,1.478981653,-3.886712864,0.000101611,0.010486853,LOC114607716
1494.638517,-2.200989887,0.484737255,-4.540583305,5.61E-06,0.001085576,LOC114607780
630.8685065,-0.84289215,0.169511312,-4.972483204,6.61E-07,0.00017055,CDK14
11189.41369,-1.331611056,0.340879017,-3.906403709,9.37E-05,0.009970474,COL1A2
101.9863157,-2.546974698,0.578423041,-4.403307818,1.07E-05,0.001871658,DGKB
242.468195,-0.709226982,0.205966571,-3.443408214,0.000574432,0.033847733,HOXA2
2061.728052,0.537204137,0.159993177,3.357669035,0.000786027,0.041864566,ABHD5
466.6567917,-0.644825518,0.169062409,-3.814127104,0.000136665,0.013223127,MTURN
6306.860165,0.533218365,0.157845358,3.378106098,0.000729869,0.040121219,GLTP
5419.83581,0.400264312,0.11726777,3.413250826,0.000641928,0.036682541,MVK
1299.501149,0.541111869,0.161955766,3.341109004,0.000834445,0.043265804,MMAB
1478.951669,-0.40807914,0.088725846,-4.599326547,4.24E-06,0.000914048,SLC20A2
337.9161769,-1.797388795,0.299545498,-6.000386608,1.97E-09,1.05E-06,CSGALNACT1
780.9658901,-0.649013756,0.129891951,-4.996566394,5.84E-07,0.000155283,TUBG1
699.5848568,-0.631033852,0.177786481,-3.549391651,0.000386122,0.026620555,FZD2
1834.337355,-0.593150305,0.157639353,-3.762704504,0.000168086,0.015225173,FKBP10
9477.786723,-1.682936556,0.458749801,-3.668528141,0.000243951,0.019290513,COL1A1
456.0730362,-1.670500226,0.363350968,-4.597483901,4.28E-06,0.000914048,SRCIN1
3074.934484,0.649310111,0.184758936,3.514363773,0.000440809,0.029095083,ORMDL3
66.17141432,-2.455588477,0.606929845,-4.045918152,5.21E-05,0.006318833,LOC114582474
9474.701276,0.93923412,0.260041666,3.611860106,0.000304009,0.02260682,LOC114581579
29.26090125,-4.263023572,0.771444176,-5.526029887,3.28E-08,1.43E-05,MMP25
214.1844081,-0.688683578,0.20579261,-3.346493244,0.000818407,0.043014347,LOC114583705
603.810206,1.318451022,0.352495888,3.740330224,0.000183779,0.016049059,PRSS8
51.79563831,-1.075477939,0.287390067,-3.742223764,0.000182399,0.016049059,LOC114582826
141.3579525,1.257494782,0.33738369,3.72719494,0.000193623,0.016568849,LOC114582291
98.63550703,-5.328987659,0.508285309,-10.48424491,1.02E-25,8.69E-22,LOC114582779
576.8221118,-0.677724786,0.14308843,-4.736405216,2.18E-06,0.000514518,APEX1
35.69147869,5.094966252,0.947783572,5.375664234,7.63E-08,2.77E-05,LOC114582364
744.4937495,-5.98102426,1.288776568,-4.640854287,3.47E-06,0.000777445,LOC114583607
252.5173226,-0.692976497,0.205162122,-3.377701932,0.000730943,0.040121219,CNTROB
377.0533489,1.048436102,0.299635895,3.49903373,0.000466948,0.029450552,RNF227
19.60020039,-1.754524053,0.47365407,-3.70423092,0.000212033,0.017699562,TMEM88
341.6384634,-1.2910763,0.345016528,-3.742070879,0.00018251,0.016049059,LOC114582580
675.8517714,-0.640089015,0.152418869,-4.199539185,2.67E-05,0.00370289,SLC12A9
534.6396492,-1.245082544,0.316770302,-3.930553261,8.48E-05,0.009280204,PCOLCE
1405.986066,0.966953099,0.231497881,4.176941461,2.95E-05,0.004005564,CSPG4
1203.795876,-1.334389915,0.212690946,-6.27384446,3.52E-10,2.61E-07,LOXL1
1333.047473,0.546442678,0.140181631,3.898104736,9.69E-05,0.01012844,FAM214A
169.9731487,1.090184563,0.302224249,3.607204146,0.000309514,0.022799299,SHC4
5366.481129,0.866064247,0.263516686,3.286563209,0.00101418,0.049582286,SECISBP2L
2205.373966,-0.899290722,0.236214332,-3.807096349,0.000140608,0.013390316,IL16
2047.269425,-1.596583741,0.455955419,-3.501622468,0.000462434,0.029383564,PLIN1
437.6986671,-0.623097341,0.1813975,-3.434983058,0.000592591,0.034467287,SYNM
1169.311296,-0.908536877,0.158396712,-5.735831664,9.70E-09,4.86E-06,CTSH
1336.09043,-0.610693312,0.177624964,-3.438105202,0.0005858,0.034280376,SERF2
258.3952401,-1.156763531,0.352026418,-3.28601341,0.001016162,0.049582286,SOX8
1426.303754,0.482063458,0.108645322,4.437038321,9.12E-06,0.001670033,CARHSP1
31.43903453,-2.838198317,0.81817625,-3.46893266,0.00052253,0.031905091,TMEM130
700.0734412,-0.700454507,0.150400325,-4.657267247,3.20E-06,0.000727557,CHST12
535.5973388,-0.676781278,0.133758096,-5.059740658,4.20E-07,0.000117201,GLIS2
58.31672691,-1.216517699,0.343420866,-3.542352316,0.000396575,0.026798741,LOC114585819
1749.24372,0.350901035,0.091935085,3.816834826,0.000135175,0.013153647,VPS53
1614.236661,1.416657593,0.32611721,4.344013588,1.40E-05,0.002226547,DUSP14
5850.214375,0.625979794,0.145745628,4.295015931,1.75E-05,0.002704217,LOC114585595
1953.233999,-0.352494024,0.099460171,-3.544072151,0.000393997,0.026730605,CHCHD2
227.313946,-1.233351533,0.268489253,-4.593671891,4.36E-06,0.000915601,LOC114585528
295.8277508,-5.368961114,1.496896293,-3.586728846,0.000334852,0.024059908,LOC114585795
747.5924529,-1.047486113,0.262863731,-3.984901641,6.75E-05,0.007632908,ADAMTS15
60.93351925,1.098779063,0.284577528,3.861088645,0.000112883,0.011442164,LOC114585920
782.7545091,-2.196258797,0.394076684,-5.573176204,2.50E-08,1.12E-05,LOC114585329
6076.275058,-2.321975565,0.392352626,-5.918083408,3.26E-09,1.68E-06,LOC114585688
16513.11247,1.082527842,0.324627386,3.334678118,0.000853982,0.044055753,LOC114585728
1094.806315,0.449297992,0.132586731,3.388710095,0.000702222,0.039396305,MPZL3
3084.668936,0.758557107,0.190462063,3.982720201,6.81E-05,0.007632908,RAB11FIP1
1131.564504,-0.42086547,0.107888983,-3.900912382,9.58E-05,0.010073477,LOC114586945
2946.838761,1.449088447,0.315717591,4.589824866,4.44E-06,0.000921265,LOC114586753
939.2605253,-0.512715686,0.129273255,-3.966138897,7.30E-05,0.008130101,APH1A
149.9582921,1.768130707,0.510379728,3.464343527,0.000531527,0.031983667,LOC114586936
3602.629114,1.184235356,0.279571297,4.235897489,2.28E-05,0.00323041,LOC114586938
6536.050775,1.030383846,0.304331409,3.385729552,0.000709893,0.039505782,LOC114586946
13078.05719,0.769166237,0.205846744,3.73659657,0.000186528,0.016195789,LOC114586845
357.1982825,-0.640140117,0.173606768,-3.68729932,0.000226647,0.018305838,BAD
64.95493549,-1.269364049,0.310901249,-4.082852838,4.45E-05,0.00557026,BCAN
92.84181688,-2.233347112,0.532917545,-4.19079299,2.78E-05,0.003817534,NOS1
573.2724964,1.936560506,0.522681079,3.705051864,0.000211347,0.017699562,LOC114586129
1132.955032,0.668602141,0.181617935,3.681366271,0.000231987,0.018634502,PISD
15.5190383,2.529704603,0.769240547,3.288574182,0.001006962,0.049416609,LOC114587019
2951.455558,0.432308608,0.128014466,3.377029337,0.000732732,0.040121219,HIP1R
26.02437365,-3.257465973,0.739342585,-4.405895234,1.05E-05,0.001868718,GPR162
15.35346473,-2.60566268,0.742216285,-3.510651455,0.00044701,0.029154565,SLC26A1
227.3800495,1.028706757,0.293558616,3.504263545,0.000457872,0.029202629,TRPV6
436.703974,0.60775239,0.171370479,3.546424063,0.000390497,0.026730605,SLC1A1
6274.004387,-1.482909888,0.276057093,-5.371750713,7.80E-08,2.77E-05,PLIN2
3378.348526,-1.276152235,0.36544061,-3.492092016,0.000479253,0.030004417,MFAP5
699.7127096,-2.460266069,0.552672166,-4.451583088,8.52E-06,0.001577765,ACSBG2
1650.563799,-0.719189687,0.14832568,-4.848719975,1.24E-06,0.000306672,GPX4
637.452723,-0.788752235,0.195231726,-4.040082283,5.34E-05,0.006407755,NDUFS7
160.5514069,0.941701769,0.241347879,3.90184398,9.55E-05,0.010073477,ATP8B3
474.9525637,-1.502872799,0.278243791,-5.401280634,6.62E-08,2.50E-05,DNM1
1053.372902,0.691256389,0.189746912,3.643044214,0.000269433,0.020743906,SLC27A4
102.0265105,0.972390512,0.273923763,3.549858182,0.000385439,0.026620555,TLR4
839.1920848,-0.401567461,0.106129278,-3.78375758,0.000154478,0.014143069,ABL1
1195.559579,0.788780985,0.235132176,3.354628022,0.000794718,0.041981962,TMEM164
26785.40414,0.601360536,0.16050532,3.746670424,0.000179197,0.015976704,POF1B
3333.469307,0.524394421,0.14017807,3.74091626,0.000183351,0.016049059,ZNF185
570.0861252,-1.343247835,0.34249926,-3.921899964,8.79E-05,0.009468713,LOC114589298
905.4303862,-2.793629793,0.341397148,-8.182932435,2.77E-16,4.72E-13,LOC114589464
440.8656175,-0.918054676,0.26465819,-3.468831532,0.000522727,0.031905091,SEPTIN6
905.3461437,-2.298996729,0.328353205,-7.001596731,2.53E-12,2.53E-09,CD99L2
199.2081449,1.777521726,0.415860634,4.274320727,1.92E-05,0.002907593,LOC114589168
798.3721957,0.738265804,0.218796334,3.374214691,0.000740266,0.040403818,SLC6A14
1626.712126,-3.936638605,0.508019902,-7.748985011,9.26E-15,1.21E-11,LOC114589740
265.8751647,-3.414991121,0.67440102,-5.063739556,4.11E-07,0.00011668,LOC114589831
1117.917892,-3.835136588,0.461119485,-8.31701265,9.02E-17,1.71E-13,LOC114589913
10.55660981,-2.954586316,0.870598629,-3.393741063,0.000689448,0.039005376,LOC114590363
690.253862,-1.550616298,0.447254201,-3.46696866,0.000526363,0.031940106,LOC114590439
